day,date,platform,content_type,topic,hook,cta,hashtag,status,link
1,2026-06-01,Facebook,Post,เปิดตัวเดือนใหม่,เดือนมิถุนายนเริ่มแล้ว! เป้าหมายเดือนนี้คือ...,แชร์เป้าหมายเดือนมิถุนายนของคุณในคอมเมนต์,#เดือนใหม่ #เป้าหมาย #มิถุนายน,draft,
2,2026-06-02,Instagram,Reel,How-to,3 เคล็ดลับทำงานให้เสร็จเร็วขึ้น 2 เท่า,เคล็ดลับง่าย ๆ ที่ใครก็ทำได้,บันทึกไว้ดูซ้ำ แชร์ให้เพื่อน,#productivity #เคล็ดลับ #howto,draft,
3,2026-06-03,Facebook,Live,ถามตอบ,Live ถามตอบ: ถามอะไรก็ได้เกี่ยวกับ [ธีม],มา live กัน วันนี้ 20:00,ตั้งเตือนไว้เลย #livestream,#live #ถามตอบ #community,draft,
4,2026-06-04,TikTok,Video,Trending,เทรนด์ใหม่มาแรง ลองทำตามกัน,เทรนด์นี้กำลังฮิต!,กดไลก์ + ติดตาม,#tiktok #trending #viral,draft,
5,2026-06-05,YouTube,Video,Behind the scenes,เบื้องหลังการทำงาน 1 วันของเรา,พาไปดูเบื้องหลังทุกขั้นตอน,Subscribe + กดกระดิ่ง,#behindthescenes #vlog #youtube,draft,
6,2026-06-06,LINE OA,Message,โปรโมชัน,ส่วนลดพิเศษ 20% เฉพาะสมาชิก LINE OA,ขอบคุณที่ติดตาม! ของขวัญเล็ก ๆ จากเรา,รับส่วนลดทันที,#lineoa #promotion #ส่วนลด,draft,
7,2026-06-07,X (Twitter),Thread,Industry news,5 ข่าวสำคัญในอุตสาหกรรม [ธีม] ประจำสัปดาห์,สรุปข่าวสำคัญสัปดาห์นี้,Retweet ถ้าเห็นด้วย,#news #industry #thread,draft,
8,2026-06-08,Facebook,Post,Quote/Motivation,คำคมจูงใจประจำวัน,วันนี้ทำดีที่สุดแล้ว!,แชร์ต่อให้เพื่อนที่ต้องการกำลังใจ,#motivation #คำคม #จูงใจ,draft,
9,2026-06-09,Instagram,Carousel,Tips,5 วิธีประหยัดเงินเดือน,เงินเดือนออกแล้วหมดเร็ว? ลองดู 5 วิธีนี้,บันทึกโพสต์นี้ไว้เลย,#finance #เงิน #ประหยัด,draft,
10,2026-06-10,TikTok,Video,Challenge,Challenge 7 วัน 7 ทักษะ - วันที่ 1,มาทำ challenge ด้วยกัน!,เข้าร่วม challenge + tag เพื่อน,#challenge #7days #viral,draft,
11,2026-06-11,Facebook,Post,Customer story,ลูกค้าของเราประสบความสำเร็จ!,ขอแสดงความยินดีกับลูกค้าของเรา,แชร์เรื่องราวของคุณในคอมเมนต์,#customerstory #testimonial,draft,
12,2026-06-12,YouTube,Short,Quick tip,เคล็ดลับ 60 วินาทีที่จะเปลี่ยนชีวิตคุณ,เคล็ดลับนี้ใช้ได้จริง 100%,Subscribe เพื่อรับเคล็ดลับเพิ่มเติม,#shorts #tip #lifehack,draft,
13,2026-06-13,Instagram,Story,Quick poll,คุณชอบอะไรมากกว่ากัน?,โหวตเลย! A หรือ B?,โหวตใน story,#poll #interactive #story,draft,
14,2026-06-14,LINE OA,Sticker/GIF,ส่งความสุข,สุขสันต์วันจันทร์! มีพลังเข้าสู่สัปดาห์ใหม่,แชร์สติกเกอร์ให้เพื่อน,#line #sticker #ของขวัญ,draft,
15,2026-06-15,X (Twitter),Post,Hot take,ความเห็นที่กล้าพูดในอุตสาหกรรม,ผมคิดว่า... (ความเห็นส่วนตัว),แสดงความเห็นของคุณ,#opinion #industry #hottake,draft,
16,2026-06-16,Facebook,Video,Product demo,ดูสินค้าใหม่ของเราใน 60 วินาที,มาดูกันว่ามันเจ๋งยังไง,สั่งซื้อเลยวันนี้,#product #demo #video,draft,
17,2026-06-17,Instagram,Reel,Tutorial,Tutorial 3 ขั้นตอนจบ,ทำตามง่ายมาก รับรอง!,บันทึก + แชร์,#tutorial #howto #reels,draft,
18,2026-06-18,TikTok,Live,Q&A session,Live Q&A ตอบทุกคำถาม!,มาถามกันเลย วันนี้ 21:00,เข้าร่วม live,#live #qanda #tiktok,draft,
19,2026-06-19,YouTube,Video,Long-form,อธิบายเรื่อง [ธีม] แบบเข้าใจง่าย ๆ,เรื่องนี้คนถามเยอะ มาอธิบายให้ชัด,Subscribe + กดชอบ,#education #explainer,draft,
20,2026-06-20,Facebook,Post,Throwback,ย้อนกลับไป 1 ปีที่แล้ว ตอนเริ่มต้น,เมื่อ 1 ปีก่อนเราเริ่มจากศูนย์,แชร์ความทรงจำของคุณ,#throwback #memory,#journey,draft,
21,2026-06-21,Instagram,Post,Weekend vibe,วันอาทิตย์แบบนี้ ใครอยู่บ้านเหมือนกันบ้าง?,แท็กเพื่อนที่อยู่บ้าน,ใช้ hashtag #weekendvibes,#sunday #weekend #vibes,draft,
22,2026-06-22,LINE OA,Coupon,ส่งคูปอง,คูปอง 50 บาท ใช้ได้ทันที หมดเขต 7 วัน,ของขวัญสำหรับคุณโดยเฉพาะ,ใช้คูปองก่อนหมดเขต,#coupon #ส่วนลด #lineoa,draft,
23,2026-06-23,X (Twitter),Thread,Educational,เรียนรู้ [ธีม] ใน 7 tweets,มาเรียนรู้เรื่องนี้กันแบบเร็ว ๆ,Bookmark ไว้เลย,#education #learn #thread,draft,
24,2026-06-24,Facebook,Post,Engagement,เติมคำในช่องว่าง,ถ้าวันนี้มี 1 คำอธิบายชีวิตคุณ คือ...,แชร์คำของคุณ!,#engagement #community,draft,
25,2026-06-25,Instagram,Reel,Trending audio,ใช้ trending sound + เนื้อหาของเรา,เพลงนี้ฮิตมาก ต้องลอง!,ใช้ audio นี้ + tag เรา,#trending #audio #reels,draft,
26,2026-06-26,TikTok,Video,Before/After,Before/After ที่น่าทึ่ง,ดูความเปลี่ยนแปลง!,กดไลก์ถ้าตกใจ,#beforeafter #transformation,draft,
27,2026-06-27,YouTube,Short,Behind scenes 60s,เบื้องหลัง 60 วินาที,แอบถ่ายมาให้ดู,Subscribe เพื่อดูเบื้องหลังเพิ่ม,#shorts #bts,#behindthescenes,draft,
28,2026-06-28,Facebook,Live,Workshop,Workshop ฟรี! เรื่อง [ธีม],มาเรียนรู้ด้วยกันฟรี!,ลงทะเบียนเลย,#workshop #free #live,draft,
29,2026-06-29,Instagram,Carousel,Educational,7 สิ่งที่คุณควรรู้เกี่ยวกับ [ธีม],อ่านจบแล้วจะเข้าใจทันที,บันทึกเลย แล้วกลับมาอ่านซ้ำ,#education #carousel,#learn,draft,
30,2026-06-30,Facebook,Post,Monthly recap,สรุปเดือนมิถุนายน - เราทำอะไรไปบ้าง?,ขอบคุณทุกคนที่ติดตาม!,แชร์เดือนที่ดีที่สุดของคุณ,#monthlyrecap #wrapup,#thankyou,draft,
